date,VaR_total,PnL_total,breach_total,VaR_bonds,PnL_bonds,breach_bonds,VaR_stocks,PnL_stocks,breach_stocks,VaR_fx,PnL_fx,breach_fx
2025-01-03,5534493.403648704,-946433.2934763528,0,1036330.6328315529,-745044.0169140294,0,392744.20195367216,-201389.27656232342,0,5474222.420385585,0.0,0
2025-01-06,6028876.845446838,286896.0350356821,0,965867.5889768758,310840.03202736855,0,398370.23215442116,-23943.996991686483,0,6032378.762467879,0.0,0
2025-01-08,6085798.339909549,-22571.059207601942,0,1020592.5662708778,-52907.86577106798,0,389361.4630116167,30336.80656346604,0,6107605.7641733745,0.0,0
2025-01-09,5474451.931312927,-1470051.7905101795,0,969026.2820175844,-885798.7201608717,0,375892.1218189471,-230347.32868144836,0,5513570.633817231,-353905.74166785926,0
2025-01-10,5776894.997264018,-571745.8748566997,0,949738.7493968563,-325837.55651983904,0,406000.17087135755,162981.31812382466,0,5701223.453626587,-408889.6364606853,0
2025-01-13,5725350.958144098,716437.1649866218,0,966050.6461511835,71347.03627506454,0,383383.0676191124,48131.0921626631,0,5707827.283710078,596959.0365488941,0
2025-01-14,5611593.506258836,1905066.523756742,0,956846.5441528077,-181379.87170777415,0,393948.47561739,46630.3904647989,0,5703897.825735616,2039816.0049997172,0
2025-01-15,5897527.480481689,-873147.8802311836,0,998239.8461429881,-215281.93175264,0,388813.8473495922,94635.90664588862,0,5832501.231710397,-752501.8551244322,0
2025-01-16,5744540.068218098,-640780.6261241979,0,971837.5738087439,25821.364018365766,0,382901.7473577355,26450.781997748643,0,5759007.648680121,-693052.7721403122,0
2025-01-17,5847872.358761396,-1091121.0775092524,0,957223.048497229,-366158.52880637517,0,400524.1674605448,132770.42048491948,0,5686618.776124677,-857732.9691877967,0
2025-01-20,5701799.0275676185,-268923.6807088116,0,1003630.1263754567,122859.09072610957,0,394676.2136963569,-122958.59516374485,0,5837916.625165431,-268824.1762711763,0
2025-01-21,5826576.56980547,-3892852.383960537,0,980808.3664279842,-413631.564628768,0,394288.08589459525,187059.2511578446,0,5940853.636033684,-3666280.070489614,0
2025-01-22,5872805.068906087,-1670847.516110218,0,991233.9454843609,-20822.181965247655,0,397727.21307475364,41268.50335538123,0,5920107.6506603435,-1691293.8375003515,0
2025-01-23,5583608.770836136,1138724.8935166837,0,987140.5282448225,-170175.30597564502,0,401006.90925040666,71064.69657705438,0,5507911.7004258325,1237835.5029152744,0
2025-01-24,5687914.821749598,-1491748.7201254242,0,995008.5631729965,-214223.82258792227,0,399889.12560449936,21721.54958103867,0,5741966.073290537,-1299246.4471185405,0
2025-01-27,5801160.874088052,-3358343.5442132177,0,964999.2922898973,-1518181.622856577,1,385939.65676420205,-261186.18493273636,0,5829550.535716624,-1578975.7364239043,0
2025-01-28,6087657.886849596,-411571.18439524045,0,952964.9450276706,-351479.43243408867,0,394684.99201073055,201045.74334875267,0,5920081.27462,-261137.49530990445,0
2025-01-29,5778634.0469857985,638693.6269524334,0,959686.5703523046,-220395.96363708447,0,393674.14873964165,15614.849430983677,0,5830935.860917862,843474.7411585342,0
2025-01-30,5911087.857276124,142742.99586345558,0,997686.319480985,-332462.96790410695,0,381783.0711045341,116418.33218662567,0,5872538.331755337,358787.63158093684,0
2025-01-31,5567396.746521919,-1077763.3692386865,0,961643.5864273946,-185376.36245972154,0,394328.9523411149,-62328.6375571117,0,5629851.935841434,-830058.3692218533,0
2025-02-03,5745978.026474015,2386446.4650137774,0,979517.7382266511,-98325.95698892944,0,390362.9629398355,-48934.437291397786,0,5837425.009637991,2533706.8592941044,0
2025-02-04,5838794.176371387,-1344854.6164574814,0,955298.8009065696,-71417.27576497893,0,393569.3722098252,-52417.63923936138,0,5885230.210677506,-1221019.7014531412,0
2025-02-05,5927713.654155218,334663.0544372456,0,963738.773500171,419290.9450966076,0,394022.1498190434,170365.02037032132,0,5909747.056787751,-254992.91102968334,0
2025-02-06,5774778.103804618,-2965495.445788582,0,944591.4134476811,325425.5679088747,0,380677.9906851563,59622.14320126535,0,5681762.304315744,-3350543.156898722,0
2025-02-07,5951332.269609632,1249429.7393580084,0,971789.7049414449,331399.96839744115,0,386298.64443112,-4949.510387112889,0,5945884.939593328,922979.28134768,0
2025-02-10,5890906.4749896275,-1269858.1612443554,0,977486.9404949639,-109206.95494118337,0,395269.7539707045,63712.69362453313,0,5925038.372690387,-1224363.899927705,0
2025-02-11,5691450.4842495,-2248308.0478498014,0,988727.287353311,-74950.35097319857,0,404031.41950442083,136241.3176793047,0,5746798.548172802,-2309599.0145559073,0
2025-02-12,5771374.246363332,-1575059.8429978138,0,984900.3833493303,885405.7341608534,0,391559.1220280042,563281.9495958936,0,5726399.763184147,-3023747.526754561,0
2025-02-13,5772301.9025445245,-3595715.483846327,0,963290.366960282,2754698.89502473,0,384993.2056963455,10191.937990216007,0,5770772.862444447,-6360606.316861273,1
2025-02-14,5746423.884162859,-2703063.048091258,0,1004231.8006612906,-1796174.205375799,1,388078.5887590604,-78068.57356297292,0,5660884.183243636,-828820.2691524859,0
2025-02-17,5628709.188940169,3116683.211942533,0,1034567.9513815823,477906.3149016971,0,403508.3209940705,426670.40839352185,0,5723213.158528194,2212106.488647314,0
2025-02-18,5894934.279740997,-731351.3002112223,0,961163.6974898701,-275119.1493014515,0,401665.9060631152,-211008.81846799105,0,5919048.8699900685,-245223.33244177964,0
2025-02-19,5856192.699076752,-1946485.1000300816,0,1024280.8179912544,551645.9173602972,0,399977.21726757556,159122.8088928889,0,5903652.666039382,-2657253.8262832677,0
2025-02-20,5783090.00886609,-3424986.5902865278,0,976950.3848281145,368234.67444971227,0,396925.09668469604,27110.221991961665,0,5828388.810044756,-3820331.4867282016,0
2025-02-21,5795715.97236595,-766639.00526014,0,989600.0052392422,140362.61649312265,0,397919.2780085755,-13884.773061607511,0,5756575.283086233,-893116.8486916552,0
2025-02-24,6299042.775529325,1006972.5244822851,0,960064.1953603204,295459.5214230404,0,397152.3418048832,122917.22652361702,0,6333976.293356833,588595.7765356277,0
2025-02-25,5844159.514816753,-3278832.680087936,0,982321.3948483336,183631.07195226045,0,393702.6073344983,26156.186575625576,0,5866845.822744727,-3488619.9386158222,0
2025-02-26,5837866.797708325,-1985195.1974972335,0,1003289.5809740829,-64622.31797104035,0,399875.9065982523,-274869.7211696225,0,5862853.138863689,-1645703.1583565706,0
2025-02-27,5657713.230330805,4244956.722972227,0,976962.31457684,337478.5107641998,0,415703.01819083985,-206377.14453977018,0,5724219.132772135,4113855.3567477977,0
2025-02-28,5639021.42846293,381656.40767806995,0,1007852.2041313759,105185.4141269959,0,397300.51139145833,149221.65569756628,0,5691681.97906803,127249.33785350778,0
2025-03-03,5990721.171541009,2181109.543129812,0,1008397.9826235911,-144286.298586177,0,386290.89882880106,-205713.89654141944,0,6002082.276557458,2531109.7382574086,0
2025-03-04,5643437.213338227,1851062.691626451,0,984339.0074487412,480548.08758238197,0,395532.91486442124,244754.34740213008,0,5695615.770559293,1125760.2566419388,0
2025-03-05,5647030.8364135595,2604734.5293688155,0,1012295.892256627,237301.1276661119,0,399088.8925924078,-157975.4018648937,0,5733034.34884412,2525408.803567597,0
2025-03-06,5977545.517035651,1330669.5545654013,0,992059.7250474538,660718.4627887385,0,386360.26339270116,-24285.06167468136,0,5981634.49912058,694236.1534513441,0
2025-03-07,5750664.759837473,52628.43718558492,0,972600.5430319646,297754.49612769677,0,398068.6235125638,-30823.558788793503,0,5707182.035075735,-214302.50015331834,0
2025-03-10,5651501.557937281,-2220386.3752468103,0,978059.1905089744,148400.5589699078,0,395740.9153937574,-65990.18291903181,0,5677577.79680678,-2302796.7512976862,0
2025-03-11,6086588.196598646,-4104137.6164762713,0,977632.6866066173,-196121.07342917298,0,395973.117063167,16825.725352354828,0,6145238.214286461,-3924842.2683994533,0
2025-03-12,6117357.410623527,881025.9672967864,0,965186.6300884995,559184.142622835,0,408955.976947098,-67834.54129756273,0,6094163.889133341,389676.3659715141,0
2025-03-13,6027863.964472907,150919.82859377854,0,997971.9015877829,-124537.8388867624,0,400674.21643355547,-26104.725295370557,0,6032457.837067043,301562.3927759115,0
2025-03-14,5554155.478242536,-1630103.2278782849,0,1009655.1107118455,190104.40408919193,0,399697.37782020424,78177.11671684613,0,5608754.078042426,-1898384.748684323,0
2025-03-17,5817077.0772374375,-3701058.061005651,0,1029143.8897534815,604056.2301300844,0,394775.83076030214,124609.265754839,0,5823192.7521947,-4429723.556890574,0
2025-03-18,5733301.371392931,-6922378.933209568,1,1035534.0841880759,119592.73799261315,0,388065.12739104003,-111240.9201930078,0,5796964.601070541,-6930730.751009174,1
2025-03-19,5990265.06541113,5762072.8710960755,0,1049289.4621133371,358233.7452250672,0,394760.21335425496,33056.52789233438,0,5945072.975180185,5370782.597978674,0
2025-03-20,5772912.643509027,3505761.891187683,0,1011941.5659639362,-129246.25755824425,0,391983.07277189073,-35023.58479448531,0,5868024.816700193,3670031.733540413,0
2025-03-21,5990608.306660454,-1196110.0449401697,0,994962.5527163272,-339222.5831738083,0,407756.26936248975,-24960.646239665642,0,6052676.462486558,-831926.8155266957,0
2025-03-24,5934287.16468409,-1617007.193225522,0,982540.9605321062,-715414.5128680367,0,404033.3368869289,-104512.84483537749,0,5989141.462140754,-797079.8355221077,0
2025-03-25,6042917.268454928,1544424.6586731065,0,1004927.8883413947,204397.49385533723,0,408254.3596080062,68105.7640799283,0,6038374.169388789,1271921.400737841,0
2025-03-26,5953146.852393161,-1639462.778497526,0,1046383.8167463756,-1121043.5960990537,1,387429.2684851976,-168418.78401633902,0,5914042.367437276,-350000.39838213316,0
2025-03-27,5773085.572422518,-2457333.749124255,0,993031.0763604359,-273485.4569689671,0,408286.94522795436,-156712.4883551707,0,5763895.860058476,-2027135.8038001175,0
2025-03-28,6122631.651512917,-1729430.2742519542,0,981140.8002763082,-407100.6202108473,0,388231.8854220727,-157729.41904817705,0,6065628.876745531,-1164600.2349929297,0
2025-03-31,5754499.945709027,4944802.4575307425,0,1029364.4895969584,-272813.0518170169,0,400797.791064892,-43504.219583725746,0,5746736.489178588,5261119.728931485,0
2025-04-01,6062982.424438701,-1369553.2224817285,0,989595.6693169305,115068.08447375393,0,391038.8705009951,-251636.53488879066,0,6009734.581012719,-1232984.772066692,0
2025-04-02,5835370.562181857,-1845721.4340031748,0,1001475.2245550199,-830215.9842919864,0,392700.5594864275,186070.19556454362,0,5862747.869173557,-1201575.645275732,0
2025-04-03,5969047.256876057,1011024.4263717287,0,1078276.6478313126,-682467.1245206248,0,400121.4762729778,-251467.33114297703,0,5961752.982443994,1944958.8820353304,0
2025-04-04,5982988.666067517,-1576963.9215138927,0,979796.1277750196,-774521.4466677231,0,390079.32056282647,-489129.5118533518,1,5977523.836333683,-313312.96299281775,0
2025-04-07,6098262.809482436,3394189.106714676,0,986963.5867909598,-770296.136962445,0,393239.30296118994,-27490.413559625118,0,6200730.150878452,4191975.657236746,0
2025-04-08,5849747.138491509,-1477804.122204155,0,1032221.5266369832,660516.0093329431,0,414193.7970202886,-243378.68208324065,0,5928207.6239628075,-1894941.4494538575,0
2025-04-09,6015274.943569338,2171950.1945146443,0,1014971.4613908561,-415230.8053686127,0,396341.47540199285,449317.09126251645,0,6042043.572429179,2137863.9086207408,0
2025-04-10,6035051.709022441,-1139280.9580661627,0,950735.6539461768,675301.0379802805,0,400935.52542363206,-51734.314350065586,0,6010710.030746099,-1762847.6816963777,0
2025-04-11,5996369.144224795,1941458.7278218172,0,964593.069390798,1132317.8055963456,0,391052.1119075463,294696.8650450751,0,5950121.252255431,514444.0571803965,0
2025-04-14,6058998.832487944,-3581548.887999442,0,1023123.854981502,111597.89107505148,0,398528.1336542808,-87190.66274149547,0,6055427.148314062,-3605956.116332998,0
2025-04-15,5675534.200654979,-1428486.7275930357,0,1018720.1364220475,-392709.22325751797,0,390855.3357458218,37010.58097378873,0,5772134.80854543,-1072788.0853093064,0
2025-04-16,5966127.249498001,652595.8666657836,0,1035069.2866551202,571601.1504129171,0,408616.22509649396,102277.04277604175,0,5934360.382180632,-21282.326523175405,0
2025-04-17,6065559.681922377,-668861.7458953556,0,1031720.5377396162,-91195.4184721997,0,409960.43519669,201847.13646650242,0,6042083.465961158,-779513.4638896583,0
2025-04-18,5876539.02031916,-2536418.518477483,0,1008428.1697373982,-226836.71197766488,0,392387.9919740318,-130632.29973206045,0,5946349.818855102,-2178949.5067677577,0
2025-04-21,5908504.783176149,1858762.807181188,0,1013798.7803686095,536664.4823668265,0,410845.9978619833,216916.2603166941,0,5954159.791000057,1105182.0644976674,0
2025-04-22,5881001.541155347,1481010.2274926237,0,1028780.6149433015,107822.09866008976,0,396967.6598410707,110067.98186883071,0,5946865.404530845,1263120.1469637032,0
2025-04-23,6045420.087125577,1264964.3987515117,0,1026517.3285463587,-274369.9948181444,0,391622.40786980046,-133597.80297153202,0,6091135.418849668,1672932.196541188,0
2025-04-24,6066907.334174353,1160162.9566232357,0,1003978.8309083926,414911.10762731155,0,395568.6074953234,-1010.8332222552581,0,6055157.712014749,746262.6822181795,0
2025-04-25,5878981.990807926,-335537.0358372675,0,1030057.646448147,48759.18741855,0,398193.74694082735,231632.41794289777,0,5946689.728976191,-615928.6411987153,0
2025-04-28,5981290.383710548,-1821293.8859984619,0,1019299.4233954018,-408110.5064647616,0,403529.2350523,-32586.31042640837,0,5989231.216879579,-1380597.069107292,0
2025-04-29,6059004.388156078,-2043704.3115116332,0,1014956.7465988826,-572045.3865008502,0,394921.548836812,-270654.1945364853,0,6088253.077052683,-1201004.7304742977,0
2025-04-30,6139885.974173816,-214178.57000346427,0,983294.2607570253,297657.9044258887,0,399900.32558790885,-67476.59402445427,0,6165756.547744193,-444359.88040489866,0
2025-05-02,5914337.955819713,-948425.3636171105,0,1066389.741023271,-556989.0011196787,0,402298.38318303763,-391436.3624974318,0,5975664.074111762,0.0,0
2025-05-05,6035383.399462515,128261.37928119366,0,1004601.0321954335,-288926.6673177682,0,400731.15341294644,-175376.14293634327,0,6221457.497767563,592564.1895353051,0
2025-05-06,5914939.304873573,-2019645.685369707,0,1002118.0577116084,24366.091901893982,0,403220.71293775906,181858.00223513838,0,5888959.75633649,-2225869.779506739,0
2025-05-07,5993546.368527527,1100630.1887293365,0,996831.6661041353,894919.6100342149,0,399747.3127053622,86211.80533824736,0,5948555.94757939,119498.7733568742,0
2025-05-08,5928678.769541479,173390.05032484775,0,1040570.5921472822,91678.18088684275,0,405147.87520878296,81711.86943800501,0,6006570.0088294875,0.0,0
2025-05-12,5980360.5533793885,-1816708.9399782126,0,1019651.4140783119,106952.51777885883,0,391386.1754528434,248287.73384934344,0,6115846.0978466235,-2171949.191606415,0
2025-05-13,6063156.452880059,-1386356.0844768998,0,1022961.6001323398,-480034.86061795166,0,407501.0155349339,-26329.91949502317,0,6024215.708340114,-879991.3043639251,0
2025-05-14,5848126.801062062,359581.2310819438,0,1031778.5030147523,259126.69722069625,0,409332.4142614284,-259821.8770131797,0,5845685.111939074,360276.41087442724,0
2025-05-15,5943436.797593462,-333573.23531958007,0,1038793.0140496894,-105075.08946759003,0,414449.97142255836,-29408.221217768536,0,5981518.218362067,-199089.92463422148,0
2025-05-16,5951531.897008934,1388432.5479265065,0,989633.979535175,175067.61793641743,0,406123.13877651095,-25367.173776748576,0,6032593.22027057,1238732.1037668376,0
2025-05-19,5910231.810944347,-246910.7097179045,0,979296.9771731511,390592.5982163794,0,405404.5439913983,18793.15817256977,0,5919527.8050799845,-656296.4661068537,0
2025-05-20,5628602.327999332,-935675.6799492742,0,1007737.2046936791,-114100.31863649972,0,399564.52324467606,-90788.61638454984,0,5631883.330614635,-730786.7449282246,0
2025-05-21,5891171.29443381,845841.7832647957,0,1022778.0966581331,114847.86271893089,0,402879.86037351383,-58062.775580779555,0,5870456.060051878,789056.6961266444,0
2025-05-22,6013588.58054717,-1582091.1959667667,0,970930.8690088913,-160986.34871722586,0,417389.8747565408,-196113.82290694877,0,6100027.123580187,-1224991.024342592,0
2025-05-23,5636501.116479052,337841.71732540627,0,1029009.1357829225,47807.74240041863,0,400988.8482994395,-33836.05856380578,0,5833440.64522342,323870.0334887934,0
2025-05-26,5832622.72925996,-838717.8148530516,0,1024369.6563676061,-441391.80818605237,0,419403.48319486406,-269894.4603812048,0,5887622.856361263,-127431.54628579445,0
2025-05-27,6010623.740067789,497574.50543520134,0,1012027.6752923869,22676.1393339836,0,405993.68958048907,44329.78872751558,0,5967227.423237626,430568.5773737022,0
2025-05-28,5841570.2660831725,-468839.1261932373,0,1054071.3911322935,-160182.79633990605,0,412970.1900314756,329479.4100580627,0,5860267.739887006,-638135.739911394,0
2025-05-29,6473997.262750106,-2448043.6707049925,0,1048911.584985998,589127.3811162324,0,417558.2273232745,-109988.74892495535,0,6439579.230056258,-2927182.3028962696,0
2025-05-30,5805992.811526285,1191580.9504762243,0,1054417.3401925936,570775.9183880578,0,401162.06748097437,127045.04349645317,0,5813514.036927589,493759.98859171325,0
2025-06-02,5901129.825751416,2367996.434107596,0,1018768.6798205434,455406.4452023621,0,392893.67491304956,711.7759653794055,0,5967768.445596138,1911878.2129398547,0
2025-06-03,5486517.456540586,-253142.62372928835,0,1020764.2561264739,480932.14522167307,0,408778.10166272236,109938.1622076827,0,5603884.589859377,-844012.9311586441,0
2025-06-04,6072415.069659238,-701791.7299116801,0,1083007.6962621568,493995.11468144256,0,412387.4260973985,-63998.93685463198,0,5983912.391643826,-1131787.9077384907,0
2025-06-05,5964419.074944717,2410712.126312918,0,1040686.9787028388,41456.79453509298,0,419701.4963434227,58886.03803698112,0,6059176.2822834235,2310369.293740844,0
2025-06-06,5741577.781006638,-1298359.4552398382,0,1070353.521599803,-819978.3060128473,0,394851.3497434386,-237141.55137097748,0,5833843.655749553,-241239.59785601337,0
2025-06-09,5595211.511035068,416642.02927403024,0,1031311.9195907005,556226.4578594812,0,400961.55882248003,-87514.80150812851,0,5532395.999512897,-52069.62707732244,0
2025-06-10,5925234.30839682,-1207315.7354432591,0,1040700.8189453242,300136.1731420205,0,396222.41938963404,-171477.38509928522,0,5878054.5334051065,-1335974.5234859944,0
2025-06-11,6095050.79030434,945590.5816321092,0,1018571.1668808277,154315.2608241316,0,396695.2278601736,39747.961434972276,0,5947463.219083233,751527.3593730053,0
2025-06-13,5882272.929794911,371465.19575638976,0,1033503.4283262293,175191.7909639955,0,408155.2582979018,196273.40479239429,0,5892328.8355693715,0.0,0
2025-06-16,5781586.232098251,4373.785582399985,0,1035073.7144417638,-306958.185559576,0,415406.3807289457,-101748.05718102254,0,5808420.69029775,413080.02832299855,0
2025-06-17,5786343.060462007,307666.800041546,0,1039997.3614822265,16291.843453863929,0,409725.7133356127,235778.6029415786,0,5852721.489374003,55596.3536461035,0
2025-06-18,5703474.778272349,-508784.58101127145,0,1061511.912996523,29511.130498037775,0,395836.6296409469,-52367.262072463775,0,5751952.288132649,-485928.44943684543,0
2025-06-19,5773859.540096739,-367500.5527088447,0,1046730.5280231496,482708.1976210179,0,393723.0229922456,-31704.85555099678,0,5716131.913544659,-818503.8947788659,0
2025-06-20,5855794.365862312,362415.8096270306,0,1015630.5563414902,133030.15741077726,0,400001.57169562276,-124429.68383886543,0,5901066.181529004,353815.3360551188,0
2025-06-23,5671328.283550845,-1056328.4254555465,0,1028894.2084650213,-387055.829027807,0,408117.0239825391,-73372.16679741465,0,5638042.811207767,-595900.429630325,0
2025-06-24,5902829.1003558105,2429438.906634421,0,1066359.5680642917,147480.53543580775,0,410631.84000070026,45295.8689258447,0,5954062.143675728,2236662.5022727684,0
2025-06-25,5979330.815605864,-436439.1057517921,0,1051767.6478614907,422921.9012835328,0,421840.75951772125,125317.31494184773,0,6013258.310256066,-984678.3219771726,0
2025-06-26,5762650.022705392,881283.666040408,0,1029946.448639678,170290.4523127424,0,396942.3038028632,31660.97584605209,0,5646571.592530885,679332.2378816135,0
2025-06-27,5839100.849005753,1413820.9452953418,0,1098491.1727288126,314076.1990095875,0,417090.39402678603,96738.61199066191,0,5818149.237473854,1003006.1342950924,0
2025-06-30,5944949.411723747,808032.2347805642,0,1040462.9979958613,686686.4518362692,0,412912.3053734013,57254.95798920743,0,5894734.47594255,64090.824955087555,0
2025-07-01,5699871.454435377,412514.1931375788,0,1075710.5579544094,15178.842298305677,0,414542.9648302355,21034.070605691177,0,5770614.1187370345,376301.2802335819,0
2025-07-02,5862491.42293557,386328.6290199224,0,1061591.2940198232,216322.03802309572,0,400259.41566340893,-59006.24049701997,0,5895818.379317281,229012.83149384666,0
2025-07-03,5807721.080641269,451916.21352477605,0,1052078.8637310355,-92499.55376907205,0,413198.9526214873,-105599.80470237273,0,5783148.488578797,650015.5719962209,0
2025-07-04,5477355.2707730625,-37404.24748212323,0,1070454.215897305,19723.65353981154,0,416043.6481423762,2550.7623538159078,0,5410009.367793162,-59678.66337575068,0
2025-07-07,5864430.5558103,-981089.518186905,0,1034849.1892203352,-68416.13554994241,0,419451.6720837599,-123062.92276813446,0,5938118.2544959,-789610.4598688281,0
2025-07-08,5974666.841708416,-1439903.932892363,0,1020703.637735622,-56408.22391250633,0,401320.4865926418,-200620.22617283472,0,5993661.331919664,-1182875.482807022,0
2025-07-09,5998881.653941096,-743981.1122601999,0,1039678.9421974502,-106345.98514178695,0,407646.5846658695,-46219.27154659321,0,6071045.0014271,-591415.8555718197,0
2025-07-10,5846681.856662616,111497.17936829041,0,1033356.4356531604,293911.3121503168,0,378527.5677426188,73348.9454730294,0,5884147.258042921,-255763.07825505576,0
2025-07-11,6069055.109237299,-830104.9698272599,0,1045580.0220631401,-103714.90282603423,0,415885.96771291917,-289734.0074975328,0,5948410.683999292,-436656.0595036928,0
2025-07-14,5572560.168471734,2103965.027790075,0,1062998.3500747443,369125.0213321551,0,392112.1648347409,392543.50691553677,0,5683646.507755373,1342296.4995423835,0
2025-07-15,5620982.546292906,-304229.15089871257,0,1006099.7999984954,844512.7471851688,0,409665.9885718494,55588.265935781026,0,5658066.859621874,-1204330.1640196624,0
2025-07-16,5805252.096327308,-150808.51542091812,0,1094447.4197222006,412890.0332101671,0,401336.27812193835,82997.0379053092,0,5816589.150095652,-646695.5865363944,0
2025-07-17,5751702.762600249,865751.5798094736,0,1034816.3286764459,196107.8085273282,0,409968.6324676377,-72288.10961196352,0,5858393.326803913,741931.8808941089,0
2025-07-18,6070139.434131448,603361.791821413,0,1052740.0165449951,137519.8901514385,0,411881.1651210478,181557.71645923756,0,5928601.176915405,284284.18521073693,0
2025-07-21,5911118.134136369,638517.1840257844,0,1047082.0415453151,21640.555283242153,0,393277.992919523,124393.16914977926,0,5929114.9020206565,492483.4595927629,0
2025-07-22,5750747.183784354,-127252.2254045568,0,1045131.8597671165,-170966.8626911609,0,399269.04603860836,60181.2966014218,0,5697015.961605868,-16466.65931481769,0
2025-07-23,5702102.282144182,775289.5423440097,0,1083123.5884783124,303082.15971404983,0,402891.7485589883,-699.6819830441518,0,5721808.426833584,472907.06461300404,0
2025-07-24,5742853.59874848,2322132.507540909,0,1052159.9804415011,137518.68731498253,0,414122.5768409382,-28720.719736959,0,5727028.536384026,2213334.5399628854,0
2025-07-25,5782437.183864758,1053939.2871408733,0,1068592.070882584,304764.15563048143,0,419169.0470293633,-141917.23840405623,0,5899503.547380171,891092.369914448,0
2025-07-28,5845699.731169129,-345753.7445126373,0,1063751.2723554743,-92833.40940432038,0,402740.6568809792,-129860.72958585937,0,5809512.082376452,-123059.60552245755,0
2025-07-29,5967791.912863931,5384108.655351158,0,1071810.386235387,34276.82670258837,0,412641.02112952573,108261.56633425954,0,5922361.50753109,5241570.26231431,0
2025-07-30,5806493.055995658,-835276.6641474282,0,1023836.57270176,-193785.43839969177,0,409923.59630603937,-124600.8108203298,0,5850365.35975225,-516890.4149274067,0
2025-07-31,5945474.918799815,-5197447.32199735,0,1087875.7124983296,-151183.92284780846,0,404706.77227471035,49052.20337652128,0,6034939.760232812,-5095315.602526063,0
2025-08-01,5567636.397567104,-367526.7295052003,0,1054130.3838338065,-166223.82020624162,0,401108.59060966334,-32501.287859673546,0,5687314.5251074955,-168801.62143928514,0
2025-08-04,5811279.134435041,26351.183178014588,0,1060040.8521281674,-66889.04237256544,0,412086.24393670657,233371.0765045811,0,5829421.679315826,-140130.85095400107,0
2025-08-05,5785265.885009402,756431.6829648992,0,1080322.8501527498,33807.30176694824,0,390914.2868669986,51939.83868017671,0,5686549.203959832,670684.5425177743,0
2025-08-06,5647596.97064859,977186.94687046,0,1086226.6978976205,111609.9789679792,0,398046.4256417314,149578.44735798886,0,5675475.679497703,715998.5205444918,0
2025-08-07,5772914.338891549,-753210.0632564398,0,1055229.9663549694,433981.7364689558,0,396121.93785187416,188210.18557351187,0,5778861.065314082,-1375401.9852989074,0
2025-08-08,5943066.859609555,1300190.1251241593,0,1020663.7157525345,290252.269432969,0,402754.3025381437,278953.92724908213,0,5930072.685020178,730983.9284421082,0
2025-08-11,5743238.88866153,477380.80119530816,0,1046419.86247377,525815.5898779249,0,407190.4145329299,18075.554872020948,0,5787228.0841581775,-66510.3435546377,0
2025-08-12,5677685.717273501,386367.8362226944,0,1055682.1579669612,212516.4394967194,0,403297.88313054753,15207.322769737131,0,5581216.954468786,158644.07395623781,0
2025-08-13,5497771.652833839,271435.6930133722,0,1036787.7749617752,46357.25523114642,0,403404.46100161236,-9032.370612668152,0,5503306.508378461,234110.80839489395,0
2025-08-14,5839355.425313713,119587.98248762806,0,1075488.7020235946,134996.6247573253,0,395724.74794363655,132930.62861186167,0,5914582.335948502,-148339.27088155894,0
2025-08-15,5645771.049703999,1734142.9141561484,0,1045781.5418311898,651578.9310656884,0,421477.113091063,61115.511763047194,0,5703229.590838602,1021448.4713274129,0
2025-08-18,5768801.048512283,1017365.9060545999,0,1059505.1119187784,203253.57988424832,0,415572.8340953765,-94188.41026835368,0,5732000.949378618,908300.7364387052,0
2025-08-19,5730218.323804987,-205728.3447698438,0,1074758.6925698926,534357.1129420688,0,402274.50798973785,-80683.64269977313,0,5857325.226636142,-659401.8150121395,0
2025-08-20,5789709.921059392,-1405603.4147475066,0,1046882.5152494198,-905259.7165834964,0,405625.7647563116,-112128.42710086868,0,5797049.040985526,-388215.27106314147,0
2025-08-21,5676443.012109195,-445157.34070567036,0,1066857.9628757695,-461448.800313371,0,396726.4497970274,-198938.2010684966,0,5704707.301447832,215229.6606761972,0
2025-08-22,5811301.180644144,802776.9240409762,0,1039530.6688273224,-31402.708195916726,0,405604.06704639585,86384.91711648402,0,5920333.097094075,747794.7151204089,0
2025-08-25,5580632.370024013,566954.4908718495,0,1048368.4225563587,-197345.03969163098,0,404169.5170519576,-46081.211790119705,0,5621759.524363705,810380.7423536002,0
2025-08-26,5624516.0998176765,-1476182.4258150067,0,1087935.3703603656,-138068.10176551386,0,395616.2717070185,14890.727721634914,0,5679587.842076867,-1353005.0517711279,0
2025-08-27,5800161.243806271,-49997.38356678528,0,1092709.6085529516,-11590.209455645265,0,406082.9651378046,94193.46994847056,0,5872054.626698359,-132600.64405961058,0
2025-08-28,5729714.550854029,-469298.3548482815,0,1031998.537413206,-340716.0139110166,0,388000.22752202937,-98473.98177590227,0,5795312.543952016,-30108.359161362663,0
2025-08-29,5837761.603606963,681526.7351673392,0,1069101.1165335923,-29404.296583305244,0,410705.2368397441,63645.09622370218,0,5821706.614273226,647285.9355269423,0
2025-09-01,5686214.121623326,607339.4136482285,0,1067575.6892970868,196301.30326932395,0,415054.3289759237,-64076.695732560576,0,5836220.930510142,475114.80611146515,0
2025-09-02,5737343.631610691,-520395.13220389344,0,1093247.3495483967,-84875.47821825926,0,410865.69759078615,-65818.22709270201,0,5851824.535160398,-369701.42689293216,0
2025-09-03,5728909.477440932,1460432.6192480274,0,1036226.414086532,655243.0214262083,0,416968.6481669788,45948.402162864106,0,5734725.574678453,759241.195658955,0
2025-09-04,5887893.468330596,1350714.026317273,0,1049670.1199301279,246642.25753567636,0,404366.0114626704,-4454.953816894092,0,5886648.374145679,1108526.7225984908,0
2025-09-05,5564691.875917774,1178657.8219969382,0,1086969.6577715524,25432.75087069196,0,392711.37314690073,93398.16171164994,0,5597837.714074404,1059826.9094145964,0
2025-09-08,5720848.697200295,2318953.443765901,0,1061503.0159459447,150010.77067839928,0,391380.69054285734,66007.51379342939,0,5674050.301159944,2102935.1592940725,0
2025-09-09,5753218.667827285,2326325.4943964207,0,1079845.709511718,-351911.8351478023,0,389418.1255801491,65273.245780876015,0,5728470.564616077,2612964.083763347,0
2025-09-10,5793691.889945593,3582425.442453493,0,1047817.7632353178,-171948.0307076704,0,400814.1509348777,-89069.1777076148,0,5801533.64222606,3843442.650868778,0
2025-09-11,5696749.377520152,799632.5743847968,0,1050273.0649151283,5376.143566090399,0,405715.36676248437,6674.552365292575,0,5661430.484525429,787581.8784534138,0
2025-09-12,5678204.949116163,-2799685.135542895,0,1017644.6909136744,-653801.2019940809,0,398202.10335387825,-238593.61907035403,0,5774338.751155344,-1907290.3144784602,0
2025-09-15,5831951.788809831,-3918691.5594785046,0,1031179.7485768375,-407171.25138206244,0,399492.82671455096,-68511.58236020127,0,5870217.068235291,-3443008.725736241,0
2025-09-16,5692501.998223041,-7883.968014189682,0,1038845.8396218909,-136306.10574408842,0,401278.0355725299,-39221.933585277366,0,5752866.3980915975,167644.0713151761,0
2025-09-17,5897033.4173877165,936919.5002146133,0,1050607.4805747052,232575.87543232815,0,397630.8640005608,89893.68859941483,0,5837286.538526925,614449.9361828703,0
2025-09-18,5767136.593528349,91074.35111769894,0,1077569.5792226775,-645079.0343989743,0,405365.53101911023,-162875.2951635629,0,5755443.87486301,899028.6806802361,0
2025-09-19,5606414.300711853,-402724.52468012145,0,1057224.82338048,-638551.7421108822,0,389789.67287370254,-172863.63856046204,0,5731881.907571511,408690.8559912228,0
2025-09-22,5623091.360370393,771475.229734382,0,1037652.81176783,123713.62447745283,0,400040.84663481894,55307.25379625978,0,5613596.102898104,592454.3514606694,0
2025-09-23,5613983.634476531,-1220000.3430034937,0,1016934.7961705098,-312702.46587558615,0,402666.28190672543,-185494.9422500054,0,5712336.050717013,-721802.934877902,0
2025-09-24,5692804.04857199,-97814.37591751089,0,1026732.9270370695,-628163.1682848987,0,396951.65766305855,200579.0290535071,0,5721934.647818072,329769.7633138807,0
2025-09-25,5753458.913512344,-1650085.8423922285,0,1006901.1688294169,-603007.3348368248,0,397372.74324797274,-135649.32951922092,0,5727442.475353631,-911429.1780361828,0
2025-09-26,5825645.39477159,-397411.90076089115,0,1078874.4334771312,-9349.833570263538,0,400967.2122647524,86851.30138395337,0,5852380.161332874,-474913.368574581,0
2025-09-29,5947429.5226401845,-1945192.9071916074,0,1047171.1570454637,-401718.1562861672,0,403477.4151251197,-99265.61349178565,0,5877388.8279990945,-1444209.1374136545,0
2025-09-30,5621602.747086638,-733180.1494432667,0,1005133.0164913267,-93505.45721820147,0,399452.1583312544,-42145.844344263496,0,5645365.018469442,-597528.8478808017,0
2025-10-01,5662148.337409354,-3300828.974497174,0,1029791.6709454277,-586546.0148759094,0,403551.94641968556,-102642.68605715598,0,5688579.800890102,-2611640.2735641086,0
2025-10-02,5574115.55375111,-1289365.1423497286,0,1039298.9226115757,-335186.22802128363,0,385683.2736820927,-44486.325120345224,0,5604436.695339078,-909692.5892080998,0
2025-10-03,5555665.539644456,1893845.5528420813,0,1053340.6271643888,189009.82008691173,0,406081.77172384586,-138002.2949393459,0,5555397.757563331,1842838.0276945154,0
2025-10-06,5660660.394911688,2449618.4692046833,0,1028716.527952655,83662.77458311644,0,409822.7344190351,204880.1631964172,0,5626152.8378426945,2161075.5314251496,0
2025-10-07,5486709.968303027,-2366193.008337649,0,1039582.5464877798,63154.660774178425,0,392059.9510352516,54200.692217874384,0,5461070.045544408,-2483548.3613297017,0
2025-10-08,5518670.327154754,-2324591.0184234353,0,1036172.8879288684,-765268.5811324754,0,414546.8918172816,-316430.94608675875,0,5426297.680668382,-1242891.491204201,0
2025-10-09,5740388.309572632,287306.01641590614,0,1043151.6616295665,432040.5038059727,0,401251.19758632063,268361.0869833789,0,5826097.72495822,-413095.5743734455,0
2025-10-10,5724053.208063213,-1327577.9325220392,0,1051501.4200770475,-155633.32135330455,0,391997.01054725336,-210619.93190185068,0,5684672.214910966,-961324.679266884,0
2025-10-13,5843440.014889873,-471652.0442656134,0,1026860.9962171965,93403.26427404565,0,407907.6626551845,-13152.955556390181,0,5909330.2389800325,-551902.3529832689,0
2025-10-14,5489393.968630666,-2429323.5659060054,0,1006163.2950916408,149593.28620912982,0,408264.09722686803,-154308.5820852088,0,5584628.187867228,-2424608.2700299267,0
2025-10-15,5641844.615990877,-2121525.237669734,0,1036772.417405935,311183.81878905144,0,389332.4200796641,-841.8427868178769,0,5609229.519759685,-2431867.2136719674,0
2025-10-16,5679919.0917969905,2860356.069630285,0,1076948.4125396828,1484348.1424726734,0,404951.72015048104,675517.2675235217,0,5622955.858215199,700490.6596340898,0
2025-10-17,5858884.978046254,5310376.604513126,0,1047518.8547954817,246905.20400190155,0,398461.5580698161,-53446.88071821856,0,5925684.822620841,5116918.281229444,0
2025-10-20,5820942.849523431,18930.970569869503,0,1051038.5272975222,-290684.86574483797,0,414033.34857295814,57201.04429556749,0,5710928.551179256,252414.79201913998,0
2025-10-21,5882845.702303675,-176285.40576960117,0,1036414.4428033001,-149636.377834953,0,423178.1152095877,-311321.6361740262,0,5898319.4582108185,284672.608239378,0
2025-10-22,5898225.27590127,217950.54264938954,0,1057574.138699444,-72724.89112747583,0,394011.6765110158,-180907.8046155381,0,5759365.43200883,471583.23839240347,0
2025-10-23,5639103.122455846,-1060663.0807075822,0,1048064.464266044,-96582.208128142,0,405633.9201615941,-105853.23038513094,0,5686313.099658574,-858227.6421943092,0
2025-10-24,5747051.165087819,-1068945.5407203431,0,1034530.9422842615,-267953.4770261804,0,405331.70154283283,-109533.56069609697,0,5737513.348686001,-691458.5029980657,0
2025-10-27,5812016.777690769,-5671300.084760433,0,1032915.5854039149,-623057.4145564694,0,405156.45889319206,-406706.7353003569,1,5770924.097815038,-4641535.934903607,0
2025-10-28,5517275.803528193,2666028.688243376,0,1048578.8942465861,434377.0312786255,0,404394.4711451411,181907.37269940827,0,5677477.043705896,2049744.2842653426,0
2025-10-29,5950325.221330484,-385645.3106948914,0,1069685.8078634806,711145.2533123019,0,402847.68342216755,82112.3541386365,0,5956337.496511873,-1178902.9181458298,0
2025-10-30,5793353.107109993,3338589.515426329,0,1065455.8136471948,627392.4363478399,0,408476.9832519629,173513.43305184398,0,5739455.055626392,2537683.646026645,0
2025-10-31,5811222.601956362,23024.17484463344,0,1023840.9190023594,-400109.1550601566,0,399643.4015249051,-162943.8290563614,0,5854508.2535306765,586077.1589611514,0
2025-11-01,5791166.411082995,135007.06461828324,0,1077440.593641851,204464.996569258,0,413330.85452978197,45887.72896812254,0,5753759.968787688,-115345.66091909727,0
2025-11-03,5646925.776252551,380396.5852954434,0,1101645.31408703,211134.58850704925,0,410521.58654228254,169261.99678839417,0,5628659.44051059,0.0,0
2025-11-05,5681255.0113249235,568694.1132504465,0,1091358.6151793087,167047.91209475213,0,389942.5813035894,-109601.36836658296,0,5640459.795526127,511247.56952227734,0
2025-11-06,5591105.509986279,486690.5726748013,0,1016208.0633747565,4504.7387682084445,0,408189.37018102146,-17785.646032261517,0,5611700.585295847,499971.47993885435,0
2025-11-07,5873793.182720176,100337.18224522247,0,1072713.1517362054,88655.78584666965,0,396464.82470629876,119777.82714962293,0,5884074.736421614,-108096.43075107012,0
2025-11-10,5886637.628265818,295646.018745399,0,1031163.503985428,482055.00599226344,0,407063.0755771292,-23048.291311476012,0,5849814.456789786,-163360.6959353884,0
2025-11-11,5721667.121691847,1166940.8668720513,0,1058291.0745191174,396156.0174408318,0,413711.1268794641,63458.28100042006,0,5697034.185697046,707326.5684307994,0
2025-11-12,5616864.599093713,94533.94573118328,0,1086627.5711109645,328498.2475339682,0,410046.66944026615,-140217.85563796305,0,5640266.662301558,-93746.44616482186,0
2025-11-13,5845091.895342171,-1233019.2611047125,0,1060682.123512058,93255.39728898158,0,405853.74598993466,39928.69706929758,0,5766259.931306749,-1366203.3554629916,0
2025-11-14,5671438.173300957,2160743.6390805305,0,1076105.0493174281,39505.2651951,0,414076.61998414533,-29937.33224174211,0,5570317.710603994,2151175.706127173,0
2025-11-17,5670711.005043732,-994371.6620787363,0,1054470.8950921765,-149063.1947175325,0,407126.9807375678,-132625.48611932935,0,5557293.4193398915,-712682.9812418745,0
2025-11-18,5881952.418530536,-303851.3208809161,0,1085211.189630568,47311.70661816386,0,419327.6344645757,259172.0596538889,0,5853372.150280245,-610335.0871529689,0
2025-11-19,5714802.867988106,166192.70103598898,0,1084643.83939521,173314.62826664982,0,407326.67451090185,287201.5950705822,0,5685042.161295701,-294323.52230124304,0
2025-11-20,5650422.328933203,-1273520.7593536053,0,1095082.822025086,-31799.031554430316,0,408239.3352528189,274723.4142990911,0,5745684.133430957,-1516445.1420982662,0
2025-11-21,5681028.4675527485,-4222057.63460723,0,1097730.5961308023,153846.0822968979,0,400074.55032931716,-55596.156394276724,0,5670564.505248591,-4320307.560509851,0
2025-11-24,5815143.964258068,721378.4171351598,0,1028709.7448310911,72134.95951170489,0,413490.4573007481,-107203.40787871441,0,5800217.687354819,756446.8655021694,0
2025-11-25,5574193.8342644395,-480583.01425911416,0,1091347.605885464,-173473.20148053626,0,416323.529356862,75507.05391408641,0,5471783.79416652,-382616.86669266433,0
2025-11-26,5821602.319426942,-428599.42480830336,0,1069536.1397205493,-480711.7989794217,0,410073.5686121262,-70594.91479326707,0,5816321.299931718,122707.2889643854,0
2025-11-27,5725138.059946459,-1666356.5957740354,0,1057806.6250614163,-237155.1441162989,0,415644.1350740231,-208525.57926819372,0,5660272.245565425,-1220675.8723895429,0
2025-11-28,5614714.405732993,551696.1600576332,0,1029079.8544541972,312213.45078411564,0,404273.1149726451,233324.34064023744,0,5729206.315863261,6158.36863328001,0
2025-12-01,5895283.719317155,-1129699.8299077512,0,1056453.2904534298,69254.51170182951,0,416812.2071805191,-3709.226383451616,0,5947717.273019543,-1195245.115226129,0
2025-12-02,5781461.747596861,-846140.2041057269,0,1031722.8667292134,34380.89203896766,0,415965.1628627497,-27137.202861306498,0,5726654.6597296605,-853383.8932833881,0
2025-12-03,5922455.4837462725,1590259.417187041,0,1037875.9448954978,215133.02434748915,0,417841.0851508395,-83017.99868845282,0,5866255.391678011,1458144.3915280045,0
2025-12-04,5528987.922527345,-1820964.6188147282,0,1043565.5851601983,206643.6160842211,0,409116.2056237662,-3537.1778955531895,0,5624538.406819442,-2024071.057003396,0
2025-12-05,5948136.325223124,-1984352.7259765482,0,1024541.1838679354,233110.73768146342,0,417164.44335682463,254968.7397621605,0,6012207.600421841,-2472432.203420172,0
2025-12-08,5685094.543816733,2591576.0833441615,0,1049382.946715352,-17219.564440184025,0,416765.58823515044,-71689.65406693061,0,5667967.321023464,2680485.3018512763,0
2025-12-09,5796085.472110381,-1013706.4946497749,0,1040820.7190743054,-216396.36635524486,0,418020.97376525,115004.34445123775,0,5805211.018985145,-912314.4727457678,0
2025-12-10,5578314.92377051,3813229.0076805865,0,1039460.9426878303,175444.05519928533,0,395737.0934886177,31928.690415458546,0,5555896.118596219,3605856.2620658427,0
2025-12-11,5560155.84319223,4077441.8981568706,0,1072316.669550859,403622.6570405343,0,404301.1306887868,120552.54199298903,0,5583874.06883905,3553266.699123347,0
2025-12-12,5844321.090307338,905528.5207966806,0,1043817.0792334961,-116789.16016213624,0,399145.8363964497,-140614.46809774445,0,5811917.874805263,1162932.1490565613,0
2025-12-15,5780178.877509258,-372412.2708577662,0,1051914.3122309886,167481.49841480987,0,399425.68822454254,169681.4769011787,0,5690397.742636835,-709575.2461737548,0
2025-12-16,5832700.130358164,554833.2891894681,0,1057997.4483950716,-110666.8471201022,0,399862.64510155603,69802.8944812512,0,5786613.8837875435,595697.2418283192,0
2025-12-17,5711047.084014235,1880973.3987063896,0,1075288.1907619282,330737.38505094545,0,406900.59736349236,-11423.08214175225,0,5679042.993644397,1561659.0957971965,0
2025-12-18,5867243.80922625,-292023.56475229515,0,1032050.2280852069,51794.677555204726,0,392754.03703792393,-18745.79274766208,0,5801191.813179392,-325072.4495598378,0
2025-12-19,5801759.867074816,878628.7953052706,0,1047548.3043800619,-222195.05594481825,0,424270.7115795083,-39156.51408409227,0,5756632.681325935,1139980.365334181,0
2025-12-22,5794639.326596609,-3854549.034150302,0,1037552.6635202687,-207936.5235095321,0,411128.79675978894,-157393.48232645335,0,5665659.997939303,-3489219.0283143166,0
2025-12-23,5549316.266694333,-1001434.4825431489,0,1028519.4152312614,-96839.91787457936,0,414143.3315755592,67406.81099549706,0,5580446.416501334,-972001.3756640666,0
2025-12-24,5926256.9688282,-714679.3086608062,0,1043607.4850804792,-111298.07650762657,0,423493.67649956356,-49009.107782529536,0,5862121.152250927,-554372.12437065,0
2025-12-25,5842198.1969584385,-1763148.1527154804,0,1019483.7200739817,-381496.59144989913,0,416327.3837722173,-45862.79982721998,0,5799660.239841314,-1335788.7614383614,0
2025-12-26,5917162.809389008,-756023.1317402618,0,1079421.5987248668,22918.40128102796,0,394746.61824314,211637.40679381115,0,5947248.080263273,-990578.939815101,0
2025-12-29,5832405.536799474,-59231.745874499815,0,1034648.4581488048,60372.292424659696,0,424361.81355104083,-100374.46119711724,0,5754794.151460663,-19229.57710204227,0
2025-12-30,5791866.127556388,1953451.518163926,0,1060459.9833375113,224934.8171347609,0,402705.14442239056,47524.43028790998,0,5717121.065360501,1680992.270741255,0
